Data Source,World Development Indicators,,,,,,,,,,,,,,,,,,,,,,,,,,,,,,,,,,,,,,,,,,,,,,,,,,,,,,,,,,,,
,,,,,,,,,,,,,,,,,,,,,,,,,,,,,,,,,,,,,,,,,,,,,,,,,,,,,,,,,,,,,
Last Updated Date,2016-11-17,,,,,,,,,,,,,,,,,,,,,,,,,,,,,,,,,,,,,,,,,,,,,,,,,,,,,,,,,,,,
,,,,,,,,,,,,,,,,,,,,,,,,,,,,,,,,,,,,,,,,,,,,,,,,,,,,,,,,,,,,,
Country Name,Country Code,Indicator Name,2010,2011,2012,2013,2014,2015,2016,,,,,,,,,,,,,,,,,,,,,,,,,,,,,,,,,,,,,,,,,,,,,,,,,,,,
Aruba,ABW,"PM2.5 air pollution, mean annual exposure (micrograms per cubic meter)",,,,,,,,,,,,,,,,,,,,,,,,,,,,,,,,,,,,,,,,,,,,,,,,,,,,,,,,,,,
Andorra,AND,"PM2.5 air pollution, mean annual exposure (micrograms per cubic meter)",10.4,10.6,10.5,10.3,10,9.7,,,,,,,,,,,,,,,,,,,,,,,,,,,,,,,,,,,,,,,,,,,,,,,,,,,,,
Afghanistan,AFG,"PM2.5 air pollution, mean annual exposure (micrograms per cubic meter)",44.7,48.4,48.6,48.9,47.1,46.1,,,,,,,,,,,,,,,,,,,,,,,,,,,,,,,,,,,,,,,,,,,,,,,,,,,,,
Angola,AGO,"PM2.5 air pollution, mean annual exposure (micrograms per cubic meter)",25.3,25.8,27.3,27.2,28.2,29.1,,,,,,,,,,,,,,,,,,,,,,,,,,,,,,,,,,,,,,,,,,,,,,,,,,,,,
Albania,ALB,"PM2.5 air pollution, mean annual exposure (micrograms per cubic meter)",14.7,14,13.9,15,16,17.1,,,,,,,,,,,,,,,,,,,,,,,,,,,,,,,,,,,,,,,,,,,,,,,,,,,,,
Arab World,ARB,"PM2.5 air pollution, mean annual exposure (micrograms per cubic meter)",58.7368199961306,58.1285215045588,58.6834296552743,58.3422799797696,58.0147963022435,58.1017095916253,,,,,,,,,,,,,,,,,,,,,,,,,,,,,,,,,,,,,,,,,,,,,,,,,,,,,
United Arab Emirates,ARE,"PM2.5 air pollution, mean annual exposure (micrograms per cubic meter)",71.8,70.9,72.7,68.7,65.1,62.2,,,,,,,,,,,,,,,,,,,,,,,,,,,,,,,,,,,,,,,,,,,,,,,,,,,,,
Argentina,ARG,"PM2.5 air pollution, mean annual exposure (micrograms per cubic meter)",13.8,13.6,13.6,13.2,13.2,13,,,,,,,,,,,,,,,,,,,,,,,,,,,,,,,,,,,,,,,,,,,,,,,,,,,,,
Armenia,ARM,"PM2.5 air pollution, mean annual exposure (micrograms per cubic meter)",21.8,21.6,20.3,20.7,21.1,21.2,,,,,,,,,,,,,,,,,,,,,,,,,,,,,,,,,,,,,,,,,,,,,,,,,,,,,
American Samoa,ASM,"PM2.5 air pollution, mean annual exposure (micrograms per cubic meter)",3.3,3.2,3.3,3.4,3.5,3.7,,,,,,,,,,,,,,,,,,,,,,,,,,,,,,,,,,,,,,,,,,,,,,,,,,,,,
Antigua and Barbuda,ATG,"PM2.5 air pollution, mean annual exposure (micrograms per cubic meter)",12.3,12.5,12.6,12.7,12.8,12.8,,,,,,,,,,,,,,,,,,,,,,,,,,,,,,,,,,,,,,,,,,,,,,,,,,,,,
Australia,AUS,"PM2.5 air pollution, mean annual exposure (micrograms per cubic meter)",5.8,5.8,5.9,5.9,5.8,5.8,,,,,,,,,,,,,,,,,,,,,,,,,,,,,,,,,,,,,,,,,,,,,,,,,,,,,
Austria,AUT,"PM2.5 air pollution, mean annual exposure (micrograms per cubic meter)",14.9,14.7,15,15.6,16.2,16.7,,,,,,,,,,,,,,,,,,,,,,,,,,,,,,,,,,,,,,,,,,,,,,,,,,,,,
Azerbaijan,AZE,"PM2.5 air pollution, mean annual exposure (micrograms per cubic meter)",22.3,21.6,21.1,22.5,23.9,25.6,,,,,,,,,,,,,,,,,,,,,,,,,,,,,,,,,,,,,,,,,,,,,,,,,,,,,
Burundi,BDI,"PM2.5 air pollution, mean annual exposure (micrograms per cubic meter)",32.8,35.8,38.3,39,38.2,37.1,,,,,,,,,,,,,,,,,,,,,,,,,,,,,,,,,,,,,,,,,,,,,,,,,,,,,
Belgium,BEL,"PM2.5 air pollution, mean annual exposure (micrograms per cubic meter)",16,16,15.6,15.6,15.5,15.3,,,,,,,,,,,,,,,,,,,,,,,,,,,,,,,,,,,,,,,,,,,,,,,,,,,,,
Benin,BEN,"PM2.5 air pollution, mean annual exposure (micrograms per cubic meter)",35.2,37.7,37.2,34.1,31.6,29.1,,,,,,,,,,,,,,,,,,,,,,,,,,,,,,,,,,,,,,,,,,,,,,,,,,,,,
Burkina Faso,BFA,"PM2.5 air pollution, mean annual exposure (micrograms per cubic meter)",50.4,51.9,45.7,41.3,36.9,33.6,,,,,,,,,,,,,,,,,,,,,,,,,,,,,,,,,,,,,,,,,,,,,,,,,,,,,
Bangladesh,BGD,"PM2.5 air pollution, mean annual exposure (micrograms per cubic meter)",80.1,80.5,80.6,86,84.7,87,,,,,,,,,,,,,,,,,,,,,,,,,,,,,,,,,,,,,,,,,,,,,,,,,,,,,
Bulgaria,BGR,"PM2.5 air pollution, mean annual exposure (micrograms per cubic meter)",26.3,26.4,25.1,26.1,26.9,27.5,,,,,,,,,,,,,,,,,,,,,,,,,,,,,,,,,,,,,,,,,,,,,,,,,,,,,
Bahrain,BHR,"PM2.5 air pollution, mean annual exposure (micrograms per cubic meter)",65.6,62.4,66,65.5,59.7,54.4,,,,,,,,,,,,,,,,,,,,,,,,,,,,,,,,,,,,,,,,,,,,,,,,,,,,,
"Bahamas, The",BHS,"PM2.5 air pollution, mean annual exposure (micrograms per cubic meter)",11.4,11.8,12.3,12.7,12.6,12.6,,,,,,,,,,,,,,,,,,,,,,,,,,,,,,,,,,,,,,,,,,,,,,,,,,,,,
Bosnia and Herzegovina,BIH,"PM2.5 air pollution, mean annual exposure (micrograms per cubic meter)",36.3,35.7,36.2,39.6,42.1,45.3,,,,,,,,,,,,,,,,,,,,,,,,,,,,,,,,,,,,,,,,,,,,,,,,,,,,,
Belarus,BLR,"PM2.5 air pollution, mean annual exposure (micrograms per cubic meter)",17.7,17.3,16.2,17.1,17.5,17.9,,,,,,,,,,,,,,,,,,,,,,,,,,,,,,,,,,,,,,,,,,,,,,,,,,,,,
Belize,BLZ,"PM2.5 air pollution, mean annual exposure (micrograms per cubic meter)",18.2,18.8,21.8,20.9,21.8,23.2,,,,,,,,,,,,,,,,,,,,,,,,,,,,,,,,,,,,,,,,,,,,,,,,,,,,,
Bermuda,BMU,"PM2.5 air pollution, mean annual exposure (micrograms per cubic meter)",9.1,9.1,9.1,8.8,8.7,8.5,,,,,,,,,,,,,,,,,,,,,,,,,,,,,,,,,,,,,,,,,,,,,,,,,,,,,
Bolivia,BOL,"PM2.5 air pollution, mean annual exposure (micrograms per cubic meter)",27.7,29.3,26.1,26.9,27.5,27.1,,,,,,,,,,,,,,,,,,,,,,,,,,,,,,,,,,,,,,,,,,,,,,,,,,,,,
Brazil,BRA,"PM2.5 air pollution, mean annual exposure (micrograms per cubic meter)",10.7,11.2,11,11.2,11.1,11.1,,,,,,,,,,,,,,,,,,,,,,,,,,,,,,,,,,,,,,,,,,,,,,,,,,,,,
Barbados,BRB,"PM2.5 air pollution, mean annual exposure (micrograms per cubic meter)",13.7,13.7,13.8,13.9,14,14.1,,,,,,,,,,,,,,,,,,,,,,,,,,,,,,,,,,,,,,,,,,,,,,,,,,,,,
Brunei Darussalam,BRN,"PM2.5 air pollution, mean annual exposure (micrograms per cubic meter)",6.2,6,6,6,5.5,5,,,,,,,,,,,,,,,,,,,,,,,,,,,,,,,,,,,,,,,,,,,,,,,,,,,,,
Bhutan,BTN,"PM2.5 air pollution, mean annual exposure (micrograms per cubic meter)",48.5,47.3,48.4,52.8,52.6,54.1,,,,,,,,,,,,,,,,,,,,,,,,,,,,,,,,,,,,,,,,,,,,,,,,,,,,,
Botswana,BWA,"PM2.5 air pollution, mean annual exposure (micrograms per cubic meter)",16.7,17.4,16.8,16.3,15.8,15.4,,,,,,,,,,,,,,,,,,,,,,,,,,,,,,,,,,,,,,,,,,,,,,,,,,,,,
Central African Republic,CAF,"PM2.5 air pollution, mean annual exposure (micrograms per cubic meter)",38.3,40.8,43.4,40.4,39.6,38.3,,,,,,,,,,,,,,,,,,,,,,,,,,,,,,,,,,,,,,,,,,,,,,,,,,,,,
Canada,CAN,"PM2.5 air pollution, mean annual exposure (micrograms per cubic meter)",7.2,7.2,7.2,7.2,7.1,7,,,,,,,,,,,,,,,,,,,,,,,,,,,,,,,,,,,,,,,,,,,,,,,,,,,,,
Central Europe and the Baltics,CEB,"PM2.5 air pollution, mean annual exposure (micrograms per cubic meter)",22.6471694098821,22.2199449962763,20.74860169572,21.2421826547819,21.7292645528489,21.9855959512358,,,,,,,,,,,,,,,,,,,,,,,,,,,,,,,,,,,,,,,,,,,,,,,,,,,,,
Switzerland,CHE,"PM2.5 air pollution, mean annual exposure (micrograms per cubic meter)",10.8,10.9,11,11.8,12.1,12.6,,,,,,,,,,,,,,,,,,,,,,,,,,,,,,,,,,,,,,,,,,,,,,,,,,,,,
Channel Islands,CHI,"PM2.5 air pollution, mean annual exposure (micrograms per cubic meter)",,,,,,,,,,,,,,,,,,,,,,,,,,,,,,,,,,,,,,,,,,,,,,,,,,,,,,,,,,,
Chile,CHL,"PM2.5 air pollution, mean annual exposure (micrograms per cubic meter)",20.9,21,21.1,20.7,20.7,20.6,,,,,,,,,,,,,,,,,,,,,,,,,,,,,,,,,,,,,,,,,,,,,,,,,,,,,
China,CHN,"PM2.5 air pollution, mean annual exposure (micrograms per cubic meter)",57,56,56.2,55.7,56.8,57.2,,,,,,,,,,,,,,,,,,,,,,,,,,,,,,,,,,,,,,,,,,,,,,,,,,,,,
Cote d'Ivoire,CIV,"PM2.5 air pollution, mean annual exposure (micrograms per cubic meter)",23.9,26.6,27.6,24.1,22.1,19.8,,,,,,,,,,,,,,,,,,,,,,,,,,,,,,,,,,,,,,,,,,,,,,,,,,,,,
Cameroon,CMR,"PM2.5 air pollution, mean annual exposure (micrograms per cubic meter)",69.4,72.6,72.2,70.9,66.8,64,,,,,,,,,,,,,,,,,,,,,,,,,,,,,,,,,,,,,,,,,,,,,,,,,,,,,
"Congo, Rep.",COG,"PM2.5 air pollution, mean annual exposure (micrograms per cubic meter)",39.2,39.5,40.8,40.4,41.9,42.3,,,,,,,,,,,,,,,,,,,,,,,,,,,,,,,,,,,,,,,,,,,,,,,,,,,,,
Colombia,COL,"PM2.5 air pollution, mean annual exposure (micrograms per cubic meter)",16.3,17.3,16.9,17.9,17.3,17.6,,,,,,,,,,,,,,,,,,,,,,,,,,,,,,,,,,,,,,,,,,,,,,,,,,,,,
Comoros,COM,"PM2.5 air pollution, mean annual exposure (micrograms per cubic meter)",15.8,16.1,16.2,16.3,16.1,16.1,,,,,,,,,,,,,,,,,,,,,,,,,,,,,,,,,,,,,,,,,,,,,,,,,,,,,
Cabo Verde,CPV,"PM2.5 air pollution, mean annual exposure (micrograms per cubic meter)",30.7,34.2,39.5,38.3,36.7,35.2,,,,,,,,,,,,,,,,,,,,,,,,,,,,,,,,,,,,,,,,,,,,,,,,,,,,,
Costa Rica,CRI,"PM2.5 air pollution, mean annual exposure (micrograms per cubic meter)",14.1,15,16.1,18.1,18,19.7,,,,,,,,,,,,,,,,,,,,,,,,,,,,,,,,,,,,,,,,,,,,,,,,,,,,,
Caribbean small states,CSS,"PM2.5 air pollution, mean annual exposure (micrograms per cubic meter)",12.8963850903316,13.5567699865234,14.4687981825414,15.3677630116104,15.199837135072,15.350699016815,,,,,,,,,,,,,,,,,,,,,,,,,,,,,,,,,,,,,,,,,,,,,,,,,,,,,
Cuba,CUB,"PM2.5 air pollution, mean annual exposure (micrograms per cubic meter)",14.2,15,16.3,16.7,16.6,16.4,,,,,,,,,,,,,,,,,,,,,,,,,,,,,,,,,,,,,,,,,,,,,,,,,,,,,
Curacao,CUW,"PM2.5 air pollution, mean annual exposure (micrograms per cubic meter)",,,,,,,,,,,,,,,,,,,,,,,,,,,,,,,,,,,,,,,,,,,,,,,,,,,,,,,,,,,
Cayman Islands,CYM,"PM2.5 air pollution, mean annual exposure (micrograms per cubic meter)",,,,,,,,,,,,,,,,,,,,,,,,,,,,,,,,,,,,,,,,,,,,,,,,,,,,,,,,,,,
Cyprus,CYP,"PM2.5 air pollution, mean annual exposure (micrograms per cubic meter)",15,14.9,14.7,15.9,16.8,17.9,,,,,,,,,,,,,,,,,,,,,,,,,,,,,,,,,,,,,,,,,,,,,,,,,,,,,
Czech Republic,CZE,"PM2.5 air pollution, mean annual exposure (micrograms per cubic meter)",19.8,19.4,18.4,19.4,20.2,21,,,,,,,,,,,,,,,,,,,,,,,,,,,,,,,,,,,,,,,,,,,,,,,,,,,,,
Germany,DEU,"PM2.5 air pollution, mean annual exposure (micrograms per cubic meter)",13.4,13.4,13,13.4,13.6,13.7,,,,,,,,,,,,,,,,,,,,,,,,,,,,,,,,,,,,,,,,,,,,,,,,,,,,,
Djibouti,DJI,"PM2.5 air pollution, mean annual exposure (micrograms per cubic meter)",34.7,36.8,39.5,39.3,39.3,39.1,,,,,,,,,,,,,,,,,,,,,,,,,,,,,,,,,,,,,,,,,,,,,,,,,,,,,
Dominica,DMA,"PM2.5 air pollution, mean annual exposure (micrograms per cubic meter)",13,13.1,13.1,13.1,12.7,12.5,,,,,,,,,,,,,,,,,,,,,,,,,,,,,,,,,,,,,,,,,,,,,,,,,,,,,
Denmark,DNK,"PM2.5 air pollution, mean annual exposure (micrograms per cubic meter)",10.1,10,9.8,10.1,10.4,10.7,,,,,,,,,,,,,,,,,,,,,,,,,,,,,,,,,,,,,,,,,,,,,,,,,,,,,
Dominican Republic,DOM,"PM2.5 air pollution, mean annual exposure (micrograms per cubic meter)",18.3,15.5,19.8,20.7,16.2,18.3,,,,,,,,,,,,,,,,,,,,,,,,,,,,,,,,,,,,,,,,,,,,,,,,,,,,,
Algeria,DZA,"PM2.5 air pollution, mean annual exposure (micrograms per cubic meter)",23.4,24.1,24.7,27.1,28.8,30.9,,,,,,,,,,,,,,,,,,,,,,,,,,,,,,,,,,,,,,,,,,,,,,,,,,,,,
East Asia & Pacific (excluding high income),EAP,"PM2.5 air pollution, mean annual exposure (micrograms per cubic meter)",45.5443376912136,44.8793187818062,45.0721547815708,44.9520539943137,45.645616772462,45.9935332845587,,,,,,,,,,,,,,,,,,,,,,,,,,,,,,,,,,,,,,,,,,,,,,,,,,,,,
Early-demographic dividend,EAR,"PM2.5 air pollution, mean annual exposure (micrograms per cubic meter)",49.2270155364331,49.1407581562114,50.2589111260696,52.0305857937444,53.0516456503224,54.4410928161511,,,,,,,,,,,,,,,,,,,,,,,,,,,,,,,,,,,,,,,,,,,,,,,,,,,,,
East Asia & Pacific,EAS,"PM2.5 air pollution, mean annual exposure (micrograms per cubic meter)",42.2884885147562,41.6503083871927,42.1086417074284,41.834959942432,42.7615682982521,43.1425808696724,,,,,,,,,,,,,,,,,,,,,,,,,,,,,,,,,,,,,,,,,,,,,,,,,,,,,
Europe & Central Asia (excluding high income),ECA,"PM2.5 air pollution, mean annual exposure (micrograms per cubic meter)",21.536068677222,21.1590664205948,20.6142604507039,21.4612287594657,22.2819402181845,22.9656007713336,,,,,,,,,,,,,,,,,,,,,,,,,,,,,,,,,,,,,,,,,,,,,,,,,,,,,
Europe & Central Asia,ECS,"PM2.5 air pollution, mean annual exposure (micrograms per cubic meter)",17.3137951983557,17.0731749865397,16.6746825890637,17.3119277389007,17.8702517295936,18.3690231913608,,,,,,,,,,,,,,,,,,,,,,,,,,,,,,,,,,,,,,,,,,,,,,,,,,,,,
Ecuador,ECU,"PM2.5 air pollution, mean annual exposure (micrograms per cubic meter)",13.9,16.1,15.5,15.6,13.5,12.5,,,,,,,,,,,,,,,,,,,,,,,,,,,,,,,,,,,,,,,,,,,,,,,,,,,,,
"Egypt, Arab Rep.",EGY,"PM2.5 air pollution, mean annual exposure (micrograms per cubic meter)",86.1,84.8,84.3,90.4,94.5,99.5,,,,,,,,,,,,,,,,,,,,,,,,,,,,,,,,,,,,,,,,,,,,,,,,,,,,,
Euro area,EMU,"PM2.5 air pollution, mean annual exposure (micrograms per cubic meter)",12.7863192246735,12.7029507337397,12.5611890883876,13.146439503424,13.5070834711512,13.9380914721052,,,,,,,,,,,,,,,,,,,,,,,,,,,,,,,,,,,,,,,,,,,,,,,,,,,,,
Eritrea,ERI,"PM2.5 air pollution, mean annual exposure (micrograms per cubic meter)",34.2,35.2,36.9,35.5,35.6,35.3,,,,,,,,,,,,,,,,,,,,,,,,,,,,,,,,,,,,,,,,,,,,,,,,,,,,,
Spain,ESP,"PM2.5 air pollution, mean annual exposure (micrograms per cubic meter)",9.5,9.6,9.6,9.6,9.6,9.6,,,,,,,,,,,,,,,,,,,,,,,,,,,,,,,,,,,,,,,,,,,,,,,,,,,,,
Estonia,EST,"PM2.5 air pollution, mean annual exposure (micrograms per cubic meter)",8,7.7,6.9,8,8.5,9.1,,,,,,,,,,,,,,,,,,,,,,,,,,,,,,,,,,,,,,,,,,,,,,,,,,,,,
Ethiopia,ETH,"PM2.5 air pollution, mean annual exposure (micrograms per cubic meter)",28.7,30.3,31.4,30.7,30.5,30.1,,,,,,,,,,,,,,,,,,,,,,,,,,,,,,,,,,,,,,,,,,,,,,,,,,,,,
European Union,EUU,"PM2.5 air pollution, mean annual exposure (micrograms per cubic meter)",14.4101277649685,14.2651543486296,13.9180341385837,14.3689898494971,14.701004914116,15.0339289477692,,,,,,,,,,,,,,,,,,,,,,,,,,,,,,,,,,,,,,,,,,,,,,,,,,,,,
Fragile and conflict affected situations,FCS,"PM2.5 air pollution, mean annual exposure (micrograms per cubic meter)",38.3615787134742,39.0894085692862,39.7123324938376,38.5208109175046,37.4945293344019,36.6148684694905,,,,,,,,,,,,,,,,,,,,,,,,,,,,,,,,,,,,,,,,,,,,,,,,,,,,,
Finland,FIN,"PM2.5 air pollution, mean annual exposure (micrograms per cubic meter)",6.9,6.7,6.4,6.7,7,7.2,,,,,,,,,,,,,,,,,,,,,,,,,,,,,,,,,,,,,,,,,,,,,,,,,,,,,
Fiji,FJI,"PM2.5 air pollution, mean annual exposure (micrograms per cubic meter)",5.3,5.2,5.4,5.5,5.8,6,,,,,,,,,,,,,,,,,,,,,,,,,,,,,,,,,,,,,,,,,,,,,,,,,,,,,
France,FRA,"PM2.5 air pollution, mean annual exposure (micrograms per cubic meter)",12,12,12,12.1,12.1,12.1,,,,,,,,,,,,,,,,,,,,,,,,,,,,,,,,,,,,,,,,,,,,,,,,,,,,,
Faroe Islands,FRO,"PM2.5 air pollution, mean annual exposure (micrograms per cubic meter)",,,,,,,,,,,,,,,,,,,,,,,,,,,,,,,,,,,,,,,,,,,,,,,,,,,,,,,,,,,
"Micronesia, Fed. Sts.",FSM,"PM2.5 air pollution, mean annual exposure (micrograms per cubic meter)",5.5,5.3,5.4,5.5,5.8,6.1,,,,,,,,,,,,,,,,,,,,,,,,,,,,,,,,,,,,,,,,,,,,,,,,,,,,,
Gabon,GAB,"PM2.5 air pollution, mean annual exposure (micrograms per cubic meter)",27.7,28.6,29.1,29.2,30.6,31.3,,,,,,,,,,,,,,,,,,,,,,,,,,,,,,,,,,,,,,,,,,,,,,,,,,,,,
United Kingdom,GBR,"PM2.5 air pollution, mean annual exposure (micrograms per cubic meter)",11.8,11.8,12.1,12,12.1,12.2,,,,,,,,,,,,,,,,,,,,,,,,,,,,,,,,,,,,,,,,,,,,,,,,,,,,,
Georgia,GEO,"PM2.5 air pollution, mean annual exposure (micrograms per cubic meter)",19.4,19,17.5,18.5,19.1,19.7,,,,,,,,,,,,,,,,,,,,,,,,,,,,,,,,,,,,,,,,,,,,,,,,,,,,,
Ghana,GHA,"PM2.5 air pollution, mean annual exposure (micrograms per cubic meter)",25.9,28.2,29.4,26,24,21.7,,,,,,,,,,,,,,,,,,,,,,,,,,,,,,,,,,,,,,,,,,,,,,,,,,,,,
Gibraltar,GIB,"PM2.5 air pollution, mean annual exposure (micrograms per cubic meter)",,,,,,,,,,,,,,,,,,,,,,,,,,,,,,,,,,,,,,,,,,,,,,,,,,,,,,,,,,,
Guinea,GIN,"PM2.5 air pollution, mean annual exposure (micrograms per cubic meter)",25.2,26.5,25.1,23.2,21.1,19.3,,,,,,,,,,,,,,,,,,,,,,,,,,,,,,,,,,,,,,,,,,,,,,,,,,,,,
"Gambia, The",GMB,"PM2.5 air pollution, mean annual exposure (micrograms per cubic meter)",39.6,40.2,38.8,40.4,39.4,39.7,,,,,,,,,,,,,,,,,,,,,,,,,,,,,,,,,,,,,,,,,,,,,,,,,,,,,
Guinea-Bissau,GNB,"PM2.5 air pollution, mean annual exposure (micrograms per cubic meter)",29.3,29.3,28,27.5,26.7,26,,,,,,,,,,,,,,,,,,,,,,,,,,,,,,,,,,,,,,,,,,,,,,,,,,,,,
Equatorial Guinea,GNQ,"PM2.5 air pollution, mean annual exposure (micrograms per cubic meter)",32,34.1,33.7,32.7,33.5,34,,,,,,,,,,,,,,,,,,,,,,,,,,,,,,,,,,,,,,,,,,,,,,,,,,,,,
Greece,GRC,"PM2.5 air pollution, mean annual exposure (micrograms per cubic meter)",11.4,11.2,10.9,11.8,12.4,13.2,,,,,,,,,,,,,,,,,,,,,,,,,,,,,,,,,,,,,,,,,,,,,,,,,,,,,
Grenada,GRD,"PM2.5 air pollution, mean annual exposure (micrograms per cubic meter)",13.2,12.9,13.2,13.8,13.9,14,,,,,,,,,,,,,,,,,,,,,,,,,,,,,,,,,,,,,,,,,,,,,,,,,,,,,
Greenland,GRL,"PM2.5 air pollution, mean annual exposure (micrograms per cubic meter)",4.8,4.8,4.8,5,5.1,5.2,,,,,,,,,,,,,,,,,,,,,,,,,,,,,,,,,,,,,,,,,,,,,,,,,,,,,
Guatemala,GTM,"PM2.5 air pollution, mean annual exposure (micrograms per cubic meter)",28,28.5,32.4,32,32.3,33.9,,,,,,,,,,,,,,,,,,,,,,,,,,,,,,,,,,,,,,,,,,,,,,,,,,,,,
Guam,GUM,"PM2.5 air pollution, mean annual exposure (micrograms per cubic meter)",6.8,6.9,7,7.1,6.9,6.8,,,,,,,,,,,,,,,,,,,,,,,,,,,,,,,,,,,,,,,,,,,,,,,,,,,,,
Guyana,GUY,"PM2.5 air pollution, mean annual exposure (micrograms per cubic meter)",12.9,14.1,15.2,16,15.4,14.8,,,,,,,,,,,,,,,,,,,,,,,,,,,,,,,,,,,,,,,,,,,,,,,,,,,,,
High income,HIC,"PM2.5 air pollution, mean annual exposure (micrograms per cubic meter)",16.2255820167549,16.1768176349869,16.3256752946072,16.3802430025361,16.2729731734945,16.2574378184114,,,,,,,,,,,,,,,,,,,,,,,,,,,,,,,,,,,,,,,,,,,,,,,,,,,,,
"Hong Kong SAR, China",HKG,"PM2.5 air pollution, mean annual exposure (micrograms per cubic meter)",,,,,,,,,,,,,,,,,,,,,,,,,,,,,,,,,,,,,,,,,,,,,,,,,,,,,,,,,,,
Honduras,HND,"PM2.5 air pollution, mean annual exposure (micrograms per cubic meter)",30.8,32.8,37.8,35.5,35.7,36.2,,,,,,,,,,,,,,,,,,,,,,,,,,,,,,,,,,,,,,,,,,,,,,,,,,,,,
Heavily indebted poor countries (HIPC),HPC,"PM2.5 air pollution, mean annual exposure (micrograms per cubic meter)",34.806076918651,36.6953885073019,37.0463000470638,35.80396533063,34.5750636975213,33.4835638329919,,,,,,,,,,,,,,,,,,,,,,,,,,,,,,,,,,,,,,,,,,,,,,,,,,,,,
Croatia,HRV,"PM2.5 air pollution, mean annual exposure (micrograms per cubic meter)",17,16.4,16.7,18.1,19.5,21.2,,,,,,,,,,,,,,,,,,,,,,,,,,,,,,,,,,,,,,,,,,,,,,,,,,,,,
Haiti,HTI,"PM2.5 air pollution, mean annual exposure (micrograms per cubic meter)",19.5,20.2,20.9,21.7,21.7,22.1,,,,,,,,,,,,,,,,,,,,,,,,,,,,,,,,,,,,,,,,,,,,,,,,,,,,,
Hungary,HUN,"PM2.5 air pollution, mean annual exposure (micrograms per cubic meter)",22.3,21.3,20.3,20.5,21.5,22.6,,,,,,,,,,,,,,,,,,,,,,,,,,,,,,,,,,,,,,,,,,,,,,,,,,,,,
IBRD only,IBD,"PM2.5 air pollution, mean annual exposure (micrograms per cubic meter)",45.5995467505815,45.0275282258813,45.6348378851098,46.5189577824417,47.6763853562846,48.7433246552808,,,,,,,,,,,,,,,,,,,,,,,,,,,,,,,,,,,,,,,,,,,,,,,,,,,,,
IDA & IBRD total,IBT,"PM2.5 air pollution, mean annual exposure (micrograms per cubic meter)",44.8874910911699,44.8063490078421,45.2561610197775,45.8682333375665,46.4072379815305,47.0392612220477,,,,,,,,,,,,,,,,,,,,,,,,,,,,,,,,,,,,,,,,,,,,,,,,,,,,,
IDA total,IDA,"PM2.5 air pollution, mean annual exposure (micrograms per cubic meter)",42.8247685024366,44.1733497846913,44.1850571872729,44.0491222762969,42.9013390673312,42.3888794756183,,,,,,,,,,,,,,,,,,,,,,,,,,,,,,,,,,,,,,,,,,,,,,,,,,,,,
IDA blend,IDB,"PM2.5 air pollution, mean annual exposure (micrograms per cubic meter)",45.5358138054622,47.0865386258405,46.1640698540205,45.4513373983203,44.0153639783602,43.1120835762364,,,,,,,,,,,,,,,,,,,,,,,,,,,,,,,,,,,,,,,,,,,,,,,,,,,,,
Indonesia,IDN,"PM2.5 air pollution, mean annual exposure (micrograms per cubic meter)",14.1,14.4,14.5,15.1,14.8,15,,,,,,,,,,,,,,,,,,,,,,,,,,,,,,,,,,,,,,,,,,,,,,,,,,,,,
IDA only,IDX,"PM2.5 air pollution, mean annual exposure (micrograms per cubic meter)",41.327732110948,42.5676017831723,43.0966315314285,43.2795280643805,42.2911805262739,41.9937037298728,,,,,,,,,,,,,,,,,,,,,,,,,,,,,,,,,,,,,,,,,,,,,,,,,,,,,
Isle of Man,IMN,"PM2.5 air pollution, mean annual exposure (micrograms per cubic meter)",,,,,,,,,,,,,,,,,,,,,,,,,,,,,,,,,,,,,,,,,,,,,,,,,,,,,,,,,,,
India,IND,"PM2.5 air pollution, mean annual exposure (micrograms per cubic meter)",63.2,62.4,64.6,67.4,70,72.6,,,,,,,,,,,,,,,,,,,,,,,,,,,,,,,,,,,,,,,,,,,,,,,,,,,,,
Not classified,INX,"PM2.5 air pollution, mean annual exposure (micrograms per cubic meter)",,,,,,,,,,,,,,,,,,,,,,,,,,,,,,,,,,,,,,,,,,,,,,,,,,,,,,,,,,,
Ireland,IRL,"PM2.5 air pollution, mean annual exposure (micrograms per cubic meter)",9.1,9.1,9.4,9.4,9.5,9.6,,,,,,,,,,,,,,,,,,,,,,,,,,,,,,,,,,,,,,,,,,,,,,,,,,,,,
"Iran, Islamic Rep.",IRN,"PM2.5 air pollution, mean annual exposure (micrograms per cubic meter)",46.9,45.5,44.3,43.7,42.6,42,,,,,,,,,,,,,,,,,,,,,,,,,,,,,,,,,,,,,,,,,,,,,,,,,,,,,
Iraq,IRQ,"PM2.5 air pollution, mean annual exposure (micrograms per cubic meter)",77.6,72,67.6,57.3,51.1,45.2,,,,,,,,,,,,,,,,,,,,,,,,,,,,,,,,,,,,,,,,,,,,,,,,,,,,,
Iceland,ISL,"PM2.5 air pollution, mean annual exposure (micrograms per cubic meter)",7.6,7.5,7.4,7.4,7.5,7.5,,,,,,,,,,,,,,,,,,,,,,,,,,,,,,,,,,,,,,,,,,,,,,,,,,,,,
Israel,ISR,"PM2.5 air pollution, mean annual exposure (micrograms per cubic meter)",17.8,17.5,17.6,18.6,19.6,20.7,,,,,,,,,,,,,,,,,,,,,,,,,,,,,,,,,,,,,,,,,,,,,,,,,,,,,
Italy,ITA,"PM2.5 air pollution, mean annual exposure (micrograms per cubic meter)",14.4,14.1,14.3,16.3,17.6,19.5,,,,,,,,,,,,,,,,,,,,,,,,,,,,,,,,,,,,,,,,,,,,,,,,,,,,,
Jamaica,JAM,"PM2.5 air pollution, mean annual exposure (micrograms per cubic meter)",13.3,14.1,15.3,16.7,16.4,16.6,,,,,,,,,,,,,,,,,,,,,,,,,,,,,,,,,,,,,,,,,,,,,,,,,,,,,
Jordan,JOR,"PM2.5 air pollution, mean annual exposure (micrograms per cubic meter)",35.3,34.1,33.9,34.7,36.3,38,,,,,,,,,,,,,,,,,,,,,,,,,,,,,,,,,,,,,,,,,,,,,,,,,,,,,
Japan,JPN,"PM2.5 air pollution, mean annual exposure (micrograms per cubic meter)",12.1,11.6,11.7,12.2,12.6,13.1,,,,,,,,,,,,,,,,,,,,,,,,,,,,,,,,,,,,,,,,,,,,,,,,,,,,,
Kazakhstan,KAZ,"PM2.5 air pollution, mean annual exposure (micrograms per cubic meter)",14.7,15,15.8,15.9,16.6,17,,,,,,,,,,,,,,,,,,,,,,,,,,,,,,,,,,,,,,,,,,,,,,,,,,,,,
Kenya,KEN,"PM2.5 air pollution, mean annual exposure (micrograms per cubic meter)",14.4,15.4,15.9,16,15.8,15.6,,,,,,,,,,,,,,,,,,,,,,,,,,,,,,,,,,,,,,,,,,,,,,,,,,,,,
Kyrgyz Republic,KGZ,"PM2.5 air pollution, mean annual exposure (micrograms per cubic meter)",15.1,15,15.4,15.1,15.9,16.1,,,,,,,,,,,,,,,,,,,,,,,,,,,,,,,,,,,,,,,,,,,,,,,,,,,,,
Cambodia,KHM,"PM2.5 air pollution, mean annual exposure (micrograms per cubic meter)",20.8,21.3,22,23,23.1,23.9,,,,,,,,,,,,,,,,,,,,,,,,,,,,,,,,,,,,,,,,,,,,,,,,,,,,,
Kiribati,KIR,"PM2.5 air pollution, mean annual exposure (micrograms per cubic meter)",3.3,3.2,3.2,3.2,3.3,3.4,,,,,,,,,,,,,,,,,,,,,,,,,,,,,,,,,,,,,,,,,,,,,,,,,,,,,
St. Kitts and Nevis,KNA,"PM2.5 air pollution, mean annual exposure (micrograms per cubic meter)",,,,,,,,,,,,,,,,,,,,,,,,,,,,,,,,,,,,,,,,,,,,,,,,,,,,,,,,,,,
"Korea, Rep.",KOR,"PM2.5 air pollution, mean annual exposure (micrograms per cubic meter)",24.7,23.4,24.4,25.6,27,28.1,,,,,,,,,,,,,,,,,,,,,,,,,,,,,,,,,,,,,,,,,,,,,,,,,,,,,
Kosovo,KSV,"PM2.5 air pollution, mean annual exposure (micrograms per cubic meter)",,,,,,,,,,,,,,,,,,,,,,,,,,,,,,,,,,,,,,,,,,,,,,,,,,,,,,,,,,,
Kuwait,KWT,"PM2.5 air pollution, mean annual exposure (micrograms per cubic meter)",102.2,100.8,101.3,85.1,75.3,65.7,,,,,,,,,,,,,,,,,,,,,,,,,,,,,,,,,,,,,,,,,,,,,,,,,,,,,
Latin America & Caribbean (excluding high income),LAC,"PM2.5 air pollution, mean annual exposure (micrograms per cubic meter)",16.5098221821316,17.1646613793419,17.5311692717969,17.550831491022,17.2041598984958,17.2065407741649,,,,,,,,,,,,,,,,,,,,,,,,,,,,,,,,,,,,,,,,,,,,,,,,,,,,,
Lao PDR,LAO,"PM2.5 air pollution, mean annual exposure (micrograms per cubic meter)",24.6,25.1,25.5,27,27,27.9,,,,,,,,,,,,,,,,,,,,,,,,,,,,,,,,,,,,,,,,,,,,,,,,,,,,,
Lebanon,LBN,"PM2.5 air pollution, mean annual exposure (micrograms per cubic meter)",27.7,26.8,26.4,28.1,29.8,31.8,,,,,,,,,,,,,,,,,,,,,,,,,,,,,,,,,,,,,,,,,,,,,,,,,,,,,
Liberia,LBR,"PM2.5 air pollution, mean annual exposure (micrograms per cubic meter)",9,9.9,10.4,9.4,8.4,7.4,,,,,,,,,,,,,,,,,,,,,,,,,,,,,,,,,,,,,,,,,,,,,,,,,,,,,
Libya,LBY,"PM2.5 air pollution, mean annual exposure (micrograms per cubic meter)",59.1,53.4,51.1,55.8,61.8,69.4,,,,,,,,,,,,,,,,,,,,,,,,,,,,,,,,,,,,,,,,,,,,,,,,,,,,,
St. Lucia,LCA,"PM2.5 air pollution, mean annual exposure (micrograms per cubic meter)",13.1,13.2,13.5,13.6,13.4,13.1,,,,,,,,,,,,,,,,,,,,,,,,,,,,,,,,,,,,,,,,,,,,,,,,,,,,,
Latin America & Caribbean,LCN,"PM2.5 air pollution, mean annual exposure (micrograms per cubic meter)",16.5831076210962,17.2013699887736,17.5766720878173,17.5909616600923,17.2432505315446,17.2533666653499,,,,,,,,,,,,,,,,,,,,,,,,,,,,,,,,,,,,,,,,,,,,,,,,,,,,,
Least developed countries: UN classification,LDC,"PM2.5 air pollution, mean annual exposure (micrograms per cubic meter)",43.6356840900662,44.891201325899,45.3708577590402,45.744874753756,44.7153328144008,44.5006364720398,,,,,,,,,,,,,,,,,,,,,,,,,,,,,,,,,,,,,,,,,,,,,,,,,,,,,
Low income,LIC,"PM2.5 air pollution, mean annual exposure (micrograms per cubic meter)",34.3069560347979,35.9497191594133,36.2393890910823,35.5972083883028,34.6875358044411,33.9858116665354,,,,,,,,,,,,,,,,,,,,,,,,,,,,,,,,,,,,,,,,,,,,,,,,,,,,,
Liechtenstein,LIE,"PM2.5 air pollution, mean annual exposure (micrograms per cubic meter)",,,,,,,,,,,,,,,,,,,,,,,,,,,,,,,,,,,,,,,,,,,,,,,,,,,,,,,,,,,
Sri Lanka,LKA,"PM2.5 air pollution, mean annual exposure (micrograms per cubic meter)",25.4,25.7,26.4,26.6,26.5,26.4,,,,,,,,,,,,,,,,,,,,,,,,,,,,,,,,,,,,,,,,,,,,,,,,,,,,,
Lower middle income,LMC,"PM2.5 air pollution, mean annual exposure (micrograms per cubic meter)",50.80607766119,50.8347977885139,51.8076474805965,53.4448728290405,54.3193601770134,55.5912541325596,,,,,,,,,,,,,,,,,,,,,,,,,,,,,,,,,,,,,,,,,,,,,,,,,,,,,
Low & middle income,LMY,"PM2.5 air pollution, mean annual exposure (micrograms per cubic meter)",44.9660394457069,44.8819798403557,45.3528921559466,45.9694603682178,46.5118508732643,47.1505479255505,,,,,,,,,,,,,,,,,,,,,,,,,,,,,,,,,,,,,,,,,,,,,,,,,,,,,
Lesotho,LSO,"PM2.5 air pollution, mean annual exposure (micrograms per cubic meter)",17.1,16.9,16.7,17.4,17.9,18.6,,,,,,,,,,,,,,,,,,,,,,,,,,,,,,,,,,,,,,,,,,,,,,,,,,,,,
Late-demographic dividend,LTE,"PM2.5 air pollution, mean annual exposure (micrograms per cubic meter)",42.3142861657959,41.7113120177584,41.7736385134009,41.6100470810321,42.3148570013892,42.6597059605241,,,,,,,,,,,,,,,,,,,,,,,,,,,,,,,,,,,,,,,,,,,,,,,,,,,,,
Lithuania,LTU,"PM2.5 air pollution, mean annual exposure (micrograms per cubic meter)",18.3,18.3,16.5,18.1,18.5,18.6,,,,,,,,,,,,,,,,,,,,,,,,,,,,,,,,,,,,,,,,,,,,,,,,,,,,,
Luxembourg,LUX,"PM2.5 air pollution, mean annual exposure (micrograms per cubic meter)",16,16.1,15.8,16,16.2,16.2,,,,,,,,,,,,,,,,,,,,,,,,,,,,,,,,,,,,,,,,,,,,,,,,,,,,,
Latvia,LVA,"PM2.5 air pollution, mean annual exposure (micrograms per cubic meter)",17.9,17.3,15.7,17.8,18.7,19.8,,,,,,,,,,,,,,,,,,,,,,,,,,,,,,,,,,,,,,,,,,,,,,,,,,,,,
"Macao SAR, China",MAC,"PM2.5 air pollution, mean annual exposure (micrograms per cubic meter)",,,,,,,,,,,,,,,,,,,,,,,,,,,,,,,,,,,,,,,,,,,,,,,,,,,,,,,,,,,
St. Martin (French part),MAF,"PM2.5 air pollution, mean annual exposure (micrograms per cubic meter)",,,,,,,,,,,,,,,,,,,,,,,,,,,,,,,,,,,,,,,,,,,,,,,,,,,,,,,,,,,
Morocco,MAR,"PM2.5 air pollution, mean annual exposure (micrograms per cubic meter)",19.3,18.5,18.2,19.4,20.8,22.4,,,,,,,,,,,,,,,,,,,,,,,,,,,,,,,,,,,,,,,,,,,,,,,,,,,,,
Monaco,MCO,"PM2.5 air pollution, mean annual exposure (micrograms per cubic meter)",,,,,,,,,,,,,,,,,,,,,,,,,,,,,,,,,,,,,,,,,,,,,,,,,,,,,,,,,,,
Moldova,MDA,"PM2.5 air pollution, mean annual exposure (micrograms per cubic meter)",16.8,17.2,17,16.8,16.8,16.7,,,,,,,,,,,,,,,,,,,,,,,,,,,,,,,,,,,,,,,,,,,,,,,,,,,,,
Madagascar,MDG,"PM2.5 air pollution, mean annual exposure (micrograms per cubic meter)",16.4,16.4,17.3,17.4,18.2,18.7,,,,,,,,,,,,,,,,,,,,,,,,,,,,,,,,,,,,,,,,,,,,,,,,,,,,,
Maldives,MDV,"PM2.5 air pollution, mean annual exposure (micrograms per cubic meter)",24.6,24.4,25.4,27,27.8,28.5,,,,,,,,,,,,,,,,,,,,,,,,,,,,,,,,,,,,,,,,,,,,,,,,,,,,,
Middle East & North Africa,MEA,"PM2.5 air pollution, mean annual exposure (micrograms per cubic meter)",57.7795766958649,56.8367054126318,57.0285959304527,56.923920533159,56.6519289036957,56.8461281773904,,,,,,,,,,,,,,,,,,,,,,,,,,,,,,,,,,,,,,,,,,,,,,,,,,,,,
Mexico,MEX,"PM2.5 air pollution, mean annual exposure (micrograms per cubic meter)",19.8,20.1,21.1,20.2,20,19.7,,,,,,,,,,,,,,,,,,,,,,,,,,,,,,,,,,,,,,,,,,,,,,,,,,,,,
Marshall Islands,MHL,"PM2.5 air pollution, mean annual exposure (micrograms per cubic meter)",9,9.1,9,9,9.1,9.1,,,,,,,,,,,,,,,,,,,,,,,,,,,,,,,,,,,,,,,,,,,,,,,,,,,,,
Middle income,MIC,"PM2.5 air pollution, mean annual exposure (micrograms per cubic meter)",46.1053454226407,45.8518921490031,46.3583105651548,47.1320092588282,47.8581371662735,48.6729922886906,,,,,,,,,,,,,,,,,,,,,,,,,,,,,,,,,,,,,,,,,,,,,,,,,,,,,
"Macedonia, FYR",MKD,"PM2.5 air pollution, mean annual exposure (micrograms per cubic meter)",33.9,34.1,33.2,35.7,37.5,39.4,,,,,,,,,,,,,,,,,,,,,,,,,,,,,,,,,,,,,,,,,,,,,,,,,,,,,
Mali,MLI,"PM2.5 air pollution, mean annual exposure (micrograms per cubic meter)",50.4,54.1,48.2,44.9,40.5,37.2,,,,,,,,,,,,,,,,,,,,,,,,,,,,,,,,,,,,,,,,,,,,,,,,,,,,,
Malta,MLT,"PM2.5 air pollution, mean annual exposure (micrograms per cubic meter)",14.4,13.2,12.4,13.3,14.3,15.4,,,,,,,,,,,,,,,,,,,,,,,,,,,,,,,,,,,,,,,,,,,,,,,,,,,,,
Myanmar,MMR,"PM2.5 air pollution, mean annual exposure (micrograms per cubic meter)",44.6,44.7,47,49.8,51.1,53,,,,,,,,,,,,,,,,,,,,,,,,,,,,,,,,,,,,,,,,,,,,,,,,,,,,,
Middle East & North Africa (excluding high income),MNA,"PM2.5 air pollution, mean annual exposure (micrograms per cubic meter)",51.9685992127516,50.8051330149221,50.4102885589908,51.3591581732812,52.1062421040057,53.3372894831493,,,,,,,,,,,,,,,,,,,,,,,,,,,,,,,,,,,,,,,,,,,,,,,,,,,,,
Montenegro,MNE,"PM2.5 air pollution, mean annual exposure (micrograms per cubic meter)",20.5,20.4,20,21.2,21.9,22.7,,,,,,,,,,,,,,,,,,,,,,,,,,,,,,,,,,,,,,,,,,,,,,,,,,,,,
Mongolia,MNG,"PM2.5 air pollution, mean annual exposure (micrograms per cubic meter)",19.7,19.8,21,21.6,22.3,22.9,,,,,,,,,,,,,,,,,,,,,,,,,,,,,,,,,,,,,,,,,,,,,,,,,,,,,
Northern Mariana Islands,MNP,"PM2.5 air pollution, mean annual exposure (micrograms per cubic meter)",10.4,9.9,10.1,10.5,10.9,11.3,,,,,,,,,,,,,,,,,,,,,,,,,,,,,,,,,,,,,,,,,,,,,,,,,,,,,
Mozambique,MOZ,"PM2.5 air pollution, mean annual exposure (micrograms per cubic meter)",17.2,17.5,17.5,17.4,17.3,17,,,,,,,,,,,,,,,,,,,,,,,,,,,,,,,,,,,,,,,,,,,,,,,,,,,,,
Mauritania,MRT,"PM2.5 air pollution, mean annual exposure (micrograms per cubic meter)",60.5,64.2,64.8,67.7,66.6,68.5,,,,,,,,,,,,,,,,,,,,,,,,,,,,,,,,,,,,,,,,,,,,,,,,,,,,,
Mauritius,MUS,"PM2.5 air pollution, mean annual exposure (micrograms per cubic meter)",13.2,13.2,13.6,13.9,14.1,14.4,,,,,,,,,,,,,,,,,,,,,,,,,,,,,,,,,,,,,,,,,,,,,,,,,,,,,
Malawi,MWI,"PM2.5 air pollution, mean annual exposure (micrograms per cubic meter)",22.2,23.1,23.2,23.1,22.1,21.4,,,,,,,,,,,,,,,,,,,,,,,,,,,,,,,,,,,,,,,,,,,,,,,,,,,,,
Malaysia,MYS,"PM2.5 air pollution, mean annual exposure (micrograms per cubic meter)",14.8,15,15.2,15.6,15.1,15.1,,,,,,,,,,,,,,,,,,,,,,,,,,,,,,,,,,,,,,,,,,,,,,,,,,,,,
North America,NAC,"PM2.5 air pollution, mean annual exposure (micrograms per cubic meter)",8.28130840633547,8.37112540029872,8.37063457901508,8.19012148529995,8.17976195660318,8.16960652859694,,,,,,,,,,,,,,,,,,,,,,,,,,,,,,,,,,,,,,,,,,,,,,,,,,,,,
Namibia,NAM,"PM2.5 air pollution, mean annual exposure (micrograms per cubic meter)",19.8,19.8,19.8,19.1,19,18.6,,,,,,,,,,,,,,,,,,,,,,,,,,,,,,,,,,,,,,,,,,,,,,,,,,,,,
New Caledonia,NCL,"PM2.5 air pollution, mean annual exposure (micrograms per cubic meter)",,,,,,,,,,,,,,,,,,,,,,,,,,,,,,,,,,,,,,,,,,,,,,,,,,,,,,,,,,,
Niger,NER,"PM2.5 air pollution, mean annual exposure (micrograms per cubic meter)",95.9,97.6,85.3,69.9,60.5,53,,,,,,,,,,,,,,,,,,,,,,,,,,,,,,,,,,,,,,,,,,,,,,,,,,,,,
Nigeria,NGA,"PM2.5 air pollution, mean annual exposure (micrograms per cubic meter)",49.9,51.7,48.6,45,40.4,36.9,,,,,,,,,,,,,,,,,,,,,,,,,,,,,,,,,,,,,,,,,,,,,,,,,,,,,
Nicaragua,NIC,"PM2.5 air pollution, mean annual exposure (micrograms per cubic meter)",19.4,21.2,24,24.5,23.8,23,,,,,,,,,,,,,,,,,,,,,,,,,,,,,,,,,,,,,,,,,,,,,,,,,,,,,
Netherlands,NLD,"PM2.5 air pollution, mean annual exposure (micrograms per cubic meter)",15,15,14.4,14.6,14.5,14.3,,,,,,,,,,,,,,,,,,,,,,,,,,,,,,,,,,,,,,,,,,,,,,,,,,,,,
Norway,NOR,"PM2.5 air pollution, mean annual exposure (micrograms per cubic meter)",8.7,8.5,8.4,8.5,8.7,8.9,,,,,,,,,,,,,,,,,,,,,,,,,,,,,,,,,,,,,,,,,,,,,,,,,,,,,
Nepal,NPL,"PM2.5 air pollution, mean annual exposure (micrograms per cubic meter)",59.4,60.1,61.3,66.7,67.9,70.9,,,,,,,,,,,,,,,,,,,,,,,,,,,,,,,,,,,,,,,,,,,,,,,,,,,,,
Nauru,NRU,"PM2.5 air pollution, mean annual exposure (micrograms per cubic meter)",,,,,,,,,,,,,,,,,,,,,,,,,,,,,,,,,,,,,,,,,,,,,,,,,,,,,,,,,,,
New Zealand,NZL,"PM2.5 air pollution, mean annual exposure (micrograms per cubic meter)",5.3,5.3,5.4,5.4,5.4,5.4,,,,,,,,,,,,,,,,,,,,,,,,,,,,,,,,,,,,,,,,,,,,,,,,,,,,,
OECD members,OED,"PM2.5 air pollution, mean annual exposure (micrograms per cubic meter)",14.1203218478079,14.0099900229572,13.9558457215898,14.2650568178961,14.5725276718934,14.8709234318385,,,,,,,,,,,,,,,,,,,,,,,,,,,,,,,,,,,,,,,,,,,,,,,,,,,,,
Oman,OMN,"PM2.5 air pollution, mean annual exposure (micrograms per cubic meter)",48.5,50,52.2,50.1,48.3,46.7,,,,,,,,,,,,,,,,,,,,,,,,,,,,,,,,,,,,,,,,,,,,,,,,,,,,,
Other small states,OSS,"PM2.5 air pollution, mean annual exposure (micrograms per cubic meter)",30.595026879606,30.485677248975,31.5866402145517,31.5903632871949,30.7433311230786,30.677381877366,,,,,,,,,,,,,,,,,,,,,,,,,,,,,,,,,,,,,,,,,,,,,,,,,,,,,
Pakistan,PAK,"PM2.5 air pollution, mean annual exposure (micrograms per cubic meter)",59.6,61.8,61.5,62.4,62.4,63,,,,,,,,,,,,,,,,,,,,,,,,,,,,,,,,,,,,,,,,,,,,,,,,,,,,,
Panama,PAN,"PM2.5 air pollution, mean annual exposure (micrograms per cubic meter)",9.8,10,10.6,11.8,11.8,12.6,,,,,,,,,,,,,,,,,,,,,,,,,,,,,,,,,,,,,,,,,,,,,,,,,,,,,
Peru,PER,"PM2.5 air pollution, mean annual exposure (micrograms per cubic meter)",27,29.1,28.7,28.6,27.6,27.1,,,,,,,,,,,,,,,,,,,,,,,,,,,,,,,,,,,,,,,,,,,,,,,,,,,,,
Philippines,PHL,"PM2.5 air pollution, mean annual exposure (micrograms per cubic meter)",22.9,22.9,22.6,23.3,22.9,22.8,,,,,,,,,,,,,,,,,,,,,,,,,,,,,,,,,,,,,,,,,,,,,,,,,,,,,
Palau,PLW,"PM2.5 air pollution, mean annual exposure (micrograms per cubic meter)",,,,,,,,,,,,,,,,,,,,,,,,,,,,,,,,,,,,,,,,,,,,,,,,,,,,,,,,,,,
Papua New Guinea,PNG,"PM2.5 air pollution, mean annual exposure (micrograms per cubic meter)",8.8,9.8,10.5,10.8,10.5,10.4,,,,,,,,,,,,,,,,,,,,,,,,,,,,,,,,,,,,,,,,,,,,,,,,,,,,,
Poland,POL,"PM2.5 air pollution, mean annual exposure (micrograms per cubic meter)",26.9,26.4,23.9,24.2,24.3,23.8,,,,,,,,,,,,,,,,,,,,,,,,,,,,,,,,,,,,,,,,,,,,,,,,,,,,,
Pre-demographic dividend,PRE,"PM2.5 air pollution, mean annual exposure (micrograms per cubic meter)",39.8824653376568,41.3306486889897,40.6053673866964,38.4723608117091,36.2764136302234,34.4820825532237,,,,,,,,,,,,,,,,,,,,,,,,,,,,,,,,,,,,,,,,,,,,,,,,,,,,,
Puerto Rico,PRI,"PM2.5 air pollution, mean annual exposure (micrograms per cubic meter)",15.4,13.6,17,17.9,15,16.7,,,,,,,,,,,,,,,,,,,,,,,,,,,,,,,,,,,,,,,,,,,,,,,,,,,,,
"Korea, Dem. Peopleâ€™s Rep.",PRK,"PM2.5 air pollution, mean annual exposure (micrograms per cubic meter)",25.6,24.3,24.9,25.9,26.9,27.7,,,,,,,,,,,,,,,,,,,,,,,,,,,,,,,,,,,,,,,,,,,,,,,,,,,,,
Portugal,PRT,"PM2.5 air pollution, mean annual exposure (micrograms per cubic meter)",9.3,9.1,9.2,9.2,9.4,9.5,,,,,,,,,,,,,,,,,,,,,,,,,,,,,,,,,,,,,,,,,,,,,,,,,,,,,
Paraguay,PRY,"PM2.5 air pollution, mean annual exposure (micrograms per cubic meter)",16.8,17.6,15.7,15.5,14.8,14.3,,,,,,,,,,,,,,,,,,,,,,,,,,,,,,,,,,,,,,,,,,,,,,,,,,,,,
Pacific island small states,PSS,"PM2.5 air pollution, mean annual exposure (micrograms per cubic meter)",4.97625667922098,4.82522497494721,4.96009418633521,5.05165669289383,5.31374773424024,5.5152954414975,,,,,,,,,,,,,,,,,,,,,,,,,,,,,,,,,,,,,,,,,,,,,,,,,,,,,
Post-demographic dividend,PST,"PM2.5 air pollution, mean annual exposure (micrograms per cubic meter)",12.0452088218093,11.89610644909,11.8908737255523,12.1719802589397,12.4277308516587,12.7104138291335,,,,,,,,,,,,,,,,,,,,,,,,,,,,,,,,,,,,,,,,,,,,,,,,,,,,,
French Polynesia,PYF,"PM2.5 air pollution, mean annual exposure (micrograms per cubic meter)",,,,,,,,,,,,,,,,,,,,,,,,,,,,,,,,,,,,,,,,,,,,,,,,,,,,,,,,,,,
Qatar,QAT,"PM2.5 air pollution, mean annual exposure (micrograms per cubic meter)",119.2,110.8,119.9,114.2,104.8,104.2,,,,,,,,,,,,,,,,,,,,,,,,,,,,,,,,,,,,,,,,,,,,,,,,,,,,,
Romania,ROU,"PM2.5 air pollution, mean annual exposure (micrograms per cubic meter)",19.8,19.6,18.7,18.7,19,19.2,,,,,,,,,,,,,,,,,,,,,,,,,,,,,,,,,,,,,,,,,,,,,,,,,,,,,
Russian Federation,RUS,"PM2.5 air pollution, mean annual exposure (micrograms per cubic meter)",15.8,15.3,14.7,15.2,15.5,15.8,,,,,,,,,,,,,,,,,,,,,,,,,,,,,,,,,,,,,,,,,,,,,,,,,,,,,
Rwanda,RWA,"PM2.5 air pollution, mean annual exposure (micrograms per cubic meter)",37.1,40.9,43.6,44.5,42.9,41.3,,,,,,,,,,,,,,,,,,,,,,,,,,,,,,,,,,,,,,,,,,,,,,,,,,,,,
South Asia,SAS,"PM2.5 air pollution, mean annual exposure (micrograms per cubic meter)",63.5349455110866,63.2700992375625,64.934613901319,67.7318637146966,69.5438488204805,71.793436769,,,,,,,,,,,,,,,,,,,,,,,,,,,,,,,,,,,,,,,,,,,,,,,,,,,,,
Saudi Arabia,SAU,"PM2.5 air pollution, mean annual exposure (micrograms per cubic meter)",125.7,126.6,131.4,121.9,112.4,102.9,,,,,,,,,,,,,,,,,,,,,,,,,,,,,,,,,,,,,,,,,,,,,,,,,,,,,
Sudan,SDN,"PM2.5 air pollution, mean annual exposure (micrograms per cubic meter)",47.3,48.2,49.3,46.1,44.3,42.3,,,,,,,,,,,,,,,,,,,,,,,,,,,,,,,,,,,,,,,,,,,,,,,,,,,,,
Senegal,SEN,"PM2.5 air pollution, mean annual exposure (micrograms per cubic meter)",31,32.1,32.4,34.9,34.8,36.4,,,,,,,,,,,,,,,,,,,,,,,,,,,,,,,,,,,,,,,,,,,,,,,,,,,,,
Singapore,SGP,"PM2.5 air pollution, mean annual exposure (micrograms per cubic meter)",17.3,17,17.4,18,17.3,17.7,,,,,,,,,,,,,,,,,,,,,,,,,,,,,,,,,,,,,,,,,,,,,,,,,,,,,
Solomon Islands,SLB,"PM2.5 air pollution, mean annual exposure (micrograms per cubic meter)",4.6,4.4,4.5,4.6,4.9,5.2,,,,,,,,,,,,,,,,,,,,,,,,,,,,,,,,,,,,,,,,,,,,,,,,,,,,,
Sierra Leone,SLE,"PM2.5 air pollution, mean annual exposure (micrograms per cubic meter)",19.5,20.8,21.1,19.3,17.1,15,,,,,,,,,,,,,,,,,,,,,,,,,,,,,,,,,,,,,,,,,,,,,,,,,,,,,
El Salvador,SLV,"PM2.5 air pollution, mean annual exposure (micrograms per cubic meter)",30.1,32.1,36.4,35.1,35.2,35.5,,,,,,,,,,,,,,,,,,,,,,,,,,,,,,,,,,,,,,,,,,,,,,,,,,,,,
San Marino,SMR,"PM2.5 air pollution, mean annual exposure (micrograms per cubic meter)",,,,,,,,,,,,,,,,,,,,,,,,,,,,,,,,,,,,,,,,,,,,,,,,,,,,,,,,,,,
Somalia,SOM,"PM2.5 air pollution, mean annual exposure (micrograms per cubic meter)",16.6,17.2,17.4,17.2,16.8,16.7,,,,,,,,,,,,,,,,,,,,,,,,,,,,,,,,,,,,,,,,,,,,,,,,,,,,,
Serbia,SRB,"PM2.5 air pollution, mean annual exposure (micrograms per cubic meter)",19.5,19.2,18.7,19.3,20.1,20.8,,,,,,,,,,,,,,,,,,,,,,,,,,,,,,,,,,,,,,,,,,,,,,,,,,,,,
Sub-Saharan Africa (excluding high income),SSA,"PM2.5 air pollution, mean annual exposure (micrograms per cubic meter)",35.674339719768,37.2548886059029,36.9609013477019,35.3669907946351,33.7149363436243,32.3258914747732,,,,,,,,,,,,,,,,,,,,,,,,,,,,,,,,,,,,,,,,,,,,,,,,,,,,,
South Sudan,SSD,"PM2.5 air pollution, mean annual exposure (micrograms per cubic meter)",31.4,32.1,33.3,30.8,29.7,28.4,,,,,,,,,,,,,,,,,,,,,,,,,,,,,,,,,,,,,,,,,,,,,,,,,,,,,
Sub-Saharan Africa,SSF,"PM2.5 air pollution, mean annual exposure (micrograms per cubic meter)",35.6721745945551,37.2527215759473,36.9587904597059,35.3649841853674,33.7130401013385,32.3240700162714,,,,,,,,,,,,,,,,,,,,,,,,,,,,,,,,,,,,,,,,,,,,,,,,,,,,,
Small states,SST,"PM2.5 air pollution, mean annual exposure (micrograms per cubic meter)",25.5529225150982,25.6428019279214,26.6918699822776,26.9100861946747,26.2940119566338,26.3183136486954,,,,,,,,,,,,,,,,,,,,,,,,,,,,,,,,,,,,,,,,,,,,,,,,,,,,,
Sao Tome and Principe,STP,"PM2.5 air pollution, mean annual exposure (micrograms per cubic meter)",11.9,11.6,12,11.9,12.5,12.6,,,,,,,,,,,,,,,,,,,,,,,,,,,,,,,,,,,,,,,,,,,,,,,,,,,,,
Suriname,SUR,"PM2.5 air pollution, mean annual exposure (micrograms per cubic meter)",12.2,14,15.3,16.4,15.6,15.2,,,,,,,,,,,,,,,,,,,,,,,,,,,,,,,,,,,,,,,,,,,,,,,,,,,,,
Slovak Republic,SVK,"PM2.5 air pollution, mean annual exposure (micrograms per cubic meter)",19.8,19.1,18.5,18.6,19.3,20.1,,,,,,,,,,,,,,,,,,,,,,,,,,,,,,,,,,,,,,,,,,,,,,,,,,,,,
Slovenia,SVN,"PM2.5 air pollution, mean annual exposure (micrograms per cubic meter)",15.5,14.8,15.5,16.9,18.4,19.9,,,,,,,,,,,,,,,,,,,,,,,,,,,,,,,,,,,,,,,,,,,,,,,,,,,,,
Sweden,SWE,"PM2.5 air pollution, mean annual exposure (micrograms per cubic meter)",5.3,5.2,5,5.5,5.7,6.1,,,,,,,,,,,,,,,,,,,,,,,,,,,,,,,,,,,,,,,,,,,,,,,,,,,,,
Swaziland,SWZ,"PM2.5 air pollution, mean annual exposure (micrograms per cubic meter)",18.5,18.2,18.1,17.7,17.9,17.8,,,,,,,,,,,,,,,,,,,,,,,,,,,,,,,,,,,,,,,,,,,,,,,,,,,,,
Sint Maarten (Dutch part),SXM,"PM2.5 air pollution, mean annual exposure (micrograms per cubic meter)",,,,,,,,,,,,,,,,,,,,,,,,,,,,,,,,,,,,,,,,,,,,,,,,,,,,,,,,,,,
Seychelles,SYC,"PM2.5 air pollution, mean annual exposure (micrograms per cubic meter)",14.6,15,14.9,14.2,13.5,12.7,,,,,,,,,,,,,,,,,,,,,,,,,,,,,,,,,,,,,,,,,,,,,,,,,,,,,
Syrian Arab Republic,SYR,"PM2.5 air pollution, mean annual exposure (micrograms per cubic meter)",35.5,33.2,32.5,33.2,34.4,35.8,,,,,,,,,,,,,,,,,,,,,,,,,,,,,,,,,,,,,,,,,,,,,,,,,,,,,
Turks and Caicos Islands,TCA,"PM2.5 air pollution, mean annual exposure (micrograms per cubic meter)",,,,,,,,,,,,,,,,,,,,,,,,,,,,,,,,,,,,,,,,,,,,,,,,,,,,,,,,,,,
Chad,TCD,"PM2.5 air pollution, mean annual exposure (micrograms per cubic meter)",48.1,48.6,48,45.4,42.2,39.6,,,,,,,,,,,,,,,,,,,,,,,,,,,,,,,,,,,,,,,,,,,,,,,,,,,,,
East Asia & Pacific (IDA & IBRD countries),TEA,"PM2.5 air pollution, mean annual exposure (micrograms per cubic meter)",45.7975258738896,45.1400548146477,45.3272915217653,45.1926285280829,45.8818825981797,46.2236598502218,,,,,,,,,,,,,,,,,,,,,,,,,,,,,,,,,,,,,,,,,,,,,,,,,,,,,
Europe & Central Asia (IDA & IBRD countries),TEC,"PM2.5 air pollution, mean annual exposure (micrograms per cubic meter)",21.9544788583581,21.5643034745515,20.8581218938662,21.6623443166665,22.4263903491207,23.0192750009167,,,,,,,,,,,,,,,,,,,,,,,,,,,,,,,,,,,,,,,,,,,,,,,,,,,,,
Togo,TGO,"PM2.5 air pollution, mean annual exposure (micrograms per cubic meter)",30.9,33.6,33.8,30.7,28.4,26,,,,,,,,,,,,,,,,,,,,,,,,,,,,,,,,,,,,,,,,,,,,,,,,,,,,,
Thailand,THA,"PM2.5 air pollution, mean annual exposure (micrograms per cubic meter)",22,22.5,23.4,24.5,25,25.8,,,,,,,,,,,,,,,,,,,,,,,,,,,,,,,,,,,,,,,,,,,,,,,,,,,,,
Tajikistan,TJK,"PM2.5 air pollution, mean annual exposure (micrograms per cubic meter)",40.5,39.8,40.6,39.5,41.5,41.3,,,,,,,,,,,,,,,,,,,,,,,,,,,,,,,,,,,,,,,,,,,,,,,,,,,,,
Turkmenistan,TKM,"PM2.5 air pollution, mean annual exposure (micrograms per cubic meter)",25.4,23.4,23.8,24.2,25.6,26.7,,,,,,,,,,,,,,,,,,,,,,,,,,,,,,,,,,,,,,,,,,,,,,,,,,,,,
Latin America & the Caribbean (IDA & IBRD countries),TLA,"PM2.5 air pollution, mean annual exposure (micrograms per cubic meter)",16.641965931442,17.2718800314745,17.6099811702967,17.6110561478597,17.2732380141444,17.2770503451394,,,,,,,,,,,,,,,,,,,,,,,,,,,,,,,,,,,,,,,,,,,,,,,,,,,,,
Middle East & North Africa (IDA & IBRD countries),TMN,"PM2.5 air pollution, mean annual exposure (micrograms per cubic meter)",52.3654690916943,51.1979205290094,50.8033217623114,51.7588760679081,52.5089810404995,53.7476891601675,,,,,,,,,,,,,,,,,,,,,,,,,,,,,,,,,,,,,,,,,,,,,,,,,,,,,
Timor-Leste,TLS,"PM2.5 air pollution, mean annual exposure (micrograms per cubic meter)",14.8,14.4,14.6,14.8,14.4,14.4,,,,,,,,,,,,,,,,,,,,,,,,,,,,,,,,,,,,,,,,,,,,,,,,,,,,,
Tonga,TON,"PM2.5 air pollution, mean annual exposure (micrograms per cubic meter)",3.8,3.8,3.8,3.9,3.9,3.9,,,,,,,,,,,,,,,,,,,,,,,,,,,,,,,,,,,,,,,,,,,,,,,,,,,,,
South Asia (IDA & IBRD),TSA,"PM2.5 air pollution, mean annual exposure (micrograms per cubic meter)",63.5349455110866,63.2700992375625,64.9346139013191,67.7318637146966,69.5438488204805,71.793436769,,,,,,,,,,,,,,,,,,,,,,,,,,,,,,,,,,,,,,,,,,,,,,,,,,,,,
Sub-Saharan Africa (IDA & IBRD countries),TSS,"PM2.5 air pollution, mean annual exposure (micrograms per cubic meter)",35.6721745945551,37.2527215759473,36.9587904597058,35.3649841853674,33.7130401013385,32.3240700162714,,,,,,,,,,,,,,,,,,,,,,,,,,,,,,,,,,,,,,,,,,,,,,,,,,,,,
Trinidad and Tobago,TTO,"PM2.5 air pollution, mean annual exposure (micrograms per cubic meter)",11.3,11.4,11.5,12.4,12.6,13.1,,,,,,,,,,,,,,,,,,,,,,,,,,,,,,,,,,,,,,,,,,,,,,,,,,,,,
Tunisia,TUN,"PM2.5 air pollution, mean annual exposure (micrograms per cubic meter)",34.2,32.9,32.4,34.6,38.5,43.2,,,,,,,,,,,,,,,,,,,,,,,,,,,,,,,,,,,,,,,,,,,,,,,,,,,,,
Turkey,TUR,"PM2.5 air pollution, mean annual exposure (micrograms per cubic meter)",31.9,31.5,29.7,32.4,34,35.6,,,,,,,,,,,,,,,,,,,,,,,,,,,,,,,,,,,,,,,,,,,,,,,,,,,,,
Tuvalu,TUV,"PM2.5 air pollution, mean annual exposure (micrograms per cubic meter)",,,,,,,,,,,,,,,,,,,,,,,,,,,,,,,,,,,,,,,,,,,,,,,,,,,,,,,,,,,
Tanzania,TZA,"PM2.5 air pollution, mean annual exposure (micrograms per cubic meter)",19.9,21.1,22.2,22.4,22.2,22,,,,,,,,,,,,,,,,,,,,,,,,,,,,,,,,,,,,,,,,,,,,,,,,,,,,,
Uganda,UGA,"PM2.5 air pollution, mean annual exposure (micrograms per cubic meter)",50.3,55.3,59,59.1,58.2,57.2,,,,,,,,,,,,,,,,,,,,,,,,,,,,,,,,,,,,,,,,,,,,,,,,,,,,,
Ukraine,UKR,"PM2.5 air pollution, mean annual exposure (micrograms per cubic meter)",16.9,16.6,16.3,16.3,16.5,16.6,,,,,,,,,,,,,,,,,,,,,,,,,,,,,,,,,,,,,,,,,,,,,,,,,,,,,
Upper middle income,UMC,"PM2.5 air pollution, mean annual exposure (micrograms per cubic meter)",40.9823242678439,40.3807796843517,40.3335741240491,40.1057742045549,40.618995763493,40.8694322973656,,,,,,,,,,,,,,,,,,,,,,,,,,,,,,,,,,,,,,,,,,,,,,,,,,,,,
Uruguay,URY,"PM2.5 air pollution, mean annual exposure (micrograms per cubic meter)",11.6,11.5,11.5,11.3,11.3,11.2,,,,,,,,,,,,,,,,,,,,,,,,,,,,,,,,,,,,,,,,,,,,,,,,,,,,,
United States,USA,"PM2.5 air pollution, mean annual exposure (micrograms per cubic meter)",8.4,8.5,8.5,8.3,8.3,8.3,,,,,,,,,,,,,,,,,,,,,,,,,,,,,,,,,,,,,,,,,,,,,,,,,,,,,
Uzbekistan,UZB,"PM2.5 air pollution, mean annual exposure (micrograms per cubic meter)",31.1,30.2,31.2,31,32.4,33,,,,,,,,,,,,,,,,,,,,,,,,,,,,,,,,,,,,,,,,,,,,,,,,,,,,,
St. Vincent and the Grenadines,VCT,"PM2.5 air pollution, mean annual exposure (micrograms per cubic meter)",12.7,12.7,13,13.2,13.1,13.2,,,,,,,,,,,,,,,,,,,,,,,,,,,,,,,,,,,,,,,,,,,,,,,,,,,,,
"Venezuela, RB",VEN,"PM2.5 air pollution, mean annual exposure (micrograms per cubic meter)",21.9,23.2,22.9,23.8,22.8,22.9,,,,,,,,,,,,,,,,,,,,,,,,,,,,,,,,,,,,,,,,,,,,,,,,,,,,,
British Virgin Islands,VGB,"PM2.5 air pollution, mean annual exposure (micrograms per cubic meter)",,,,,,,,,,,,,,,,,,,,,,,,,,,,,,,,,,,,,,,,,,,,,,,,,,,,,,,,,,,
Virgin Islands (U.S.),VIR,"PM2.5 air pollution, mean annual exposure (micrograms per cubic meter)",14.2,13.2,15.1,15.5,13.9,14.7,,,,,,,,,,,,,,,,,,,,,,,,,,,,,,,,,,,,,,,,,,,,,,,,,,,,,
Vietnam,VNM,"PM2.5 air pollution, mean annual exposure (micrograms per cubic meter)",25.8,26.3,26.4,26.9,27,27.3,,,,,,,,,,,,,,,,,,,,,,,,,,,,,,,,,,,,,,,,,,,,,,,,,,,,,
Vanuatu,VUT,"PM2.5 air pollution, mean annual exposure (micrograms per cubic meter)",6,5.7,5.9,6,6.3,6.5,,,,,,,,,,,,,,,,,,,,,,,,,,,,,,,,,,,,,,,,,,,,,,,,,,,,,
West Bank and Gaza,PSE,"PM2.5 air pollution, mean annual exposure (micrograms per cubic meter)",17.8,17.4,17.4,18.2,19.1,20.1,,,,,,,,,,,,,,,,,,,,,,,,,,,,,,,,,,,,,,,,,,,,,,,,,,,,,
World,WLD,"PM2.5 air pollution, mean annual exposure (micrograms per cubic meter)",40.2036765710519,40.1541853185731,40.6867099190945,41.1555329940813,41.7084076950614,42.2735268906723,,,,,,,,,,,,,,,,,,,,,,,,,,,,,,,,,,,,,,,,,,,,,,,,,,,,,
Samoa,WSM,"PM2.5 air pollution, mean annual exposure (micrograms per cubic meter)",3.4,3.2,3.3,3.4,3.6,3.7,,,,,,,,,,,,,,,,,,,,,,,,,,,,,,,,,,,,,,,,,,,,,,,,,,,,,
"Yemen, Rep.",YEM,"PM2.5 air pollution, mean annual exposure (micrograms per cubic meter)",39.5,42.9,48.2,45.9,43.2,40.7,,,,,,,,,,,,,,,,,,,,,,,,,,,,,,,,,,,,,,,,,,,,,,,,,,,,,
South Africa,ZAF,"PM2.5 air pollution, mean annual exposure (micrograms per cubic meter)",29.1,28.8,28.5,28.5,28.8,28.9,,,,,,,,,,,,,,,,,,,,,,,,,,,,,,,,,,,,,,,,,,,,,,,,,,,,,
"Congo, Dem. Rep.",COD,"PM2.5 air pollution, mean annual exposure (micrograms per cubic meter)",35.1,36.9,38.8,38.7,38.8,38.7,,,,,,,,,,,,,,,,,,,,,,,,,,,,,,,,,,,,,,,,,,,,,,,,,,,,,
Zambia,ZMB,"PM2.5 air pollution, mean annual exposure (micrograms per cubic meter)",23.1,23.8,24.2,24.1,23.7,23.4,,,,,,,,,,,,,,,,,,,,,,,,,,,,,,,,,,,,,,,,,,,,,,,,,,,,,
Zimbabwe,ZWE,"PM2.5 air pollution, mean annual exposure (micrograms per cubic meter)",19.5,20.3,20.3,20.3,20,19.8,,,,,,,,,,,,,,,,,,,,,,,,,,,,,,,,,,,,,,,,,,,,,,,,,,,,,